{
  "thresholds": {
    "Dropout": 0.28065326633165827,
    "Enrolled": 0.4344221105527638,
    "Graduate": 0.26256281407035176
  },
  "classes": [
    "Dropout",
    "Enrolled",
    "Graduate"
  ]
}